Fecha,Hora,Usuario,Archivo_Imagen,Etiqueta,mean_h,mean_s,mean_v,std_v,mean_a,mean_b,std_l,skew_v,v_95
20/01/2026,00-09-53-421,victor,img_victor_artificial_00-09-53-421.jpg,artificial,77.07972005208333,150.3534450954861,59.14116753472222,54.39841448004176,1.3423437499999977,7.501698133680549,51.72142001912342,1.6493057893082155,176.0
20/01/2026,00-09-53-676,victor,img_victor_artificial_00-09-53-676.jpg,artificial,92.47866536458334,118.36151692708333,116.77457573784723,64.38323682205655,-0.03625217013889426,13.806040581597216,62.123358634125566,0.4395175506854208,254.0
20/01/2026,00-09-53-893,victor,img_victor_artificial_00-09-53-893.jpg,artificial,100.93963107638889,113.71449761284723,117.03675021701389,65.16183944106723,0.7963823784722308,12.021465928819453,62.42754479134981,0.4244169429776567,254.0
20/01/2026,00-09-54-110,victor,img_victor_artificial_00-09-54-110.jpg,artificial,100.14635633680555,110.05193467881945,118.62078993055556,65.23034297806298,2.4315407986111097,11.48862955729166,62.17299568144802,0.3953811880482182,254.0
20/01/2026,00-09-54-348,victor,img_victor_artificial_00-09-54-348.jpg,artificial,102.64952907986111,107.49603407118056,119.41826171875,65.48689746705308,3.3021592881944457,10.697337239583334,62.18679816670691,0.37974622010379655,254.0
20/01/2026,00-09-54-559,victor,img_victor_artificial_00-09-54-559.jpg,artificial,103.58421223958334,109.1340234375,121.73845052083334,65.90099184370847,5.228798828125008,10.220291883680545,61.97949662355212,0.32821570602029754,255.0
20/01/2026,00-09-54-770,victor,img_victor_artificial_00-09-54-770.jpg,artificial,103.69815538194445,108.74683485243055,121.95851453993056,65.92027010343952,5.50999023437501,10.011244574652778,61.95199679630367,0.32510247653071117,255.0
20/01/2026,00-09-54-968,victor,img_victor_artificial_00-09-54-968.jpg,artificial,103.81072699652778,108.80131184895833,122.00499891493055,65.93300129441758,5.508560112847221,10.024160156249991,61.94827349280001,0.32337606543640474,255.0
20/01/2026,00-09-55-170,victor,img_victor_artificial_00-09-55-170.jpg,artificial,105.20810112847222,107.956396484375,122.53875868055556,66.02526861301612,5.845223524305567,9.737247178819445,61.99732190001989,0.3143928447104119,255.0
20/01/2026,00-09-55-360,victor,img_victor_artificial_00-09-55-360.jpg,artificial,105.37462022569444,107.32171875,122.75600151909723,66.1166208894577,6.076526692708342,9.480003255208345,62.013184305552926,0.31016414373511103,255.0
20/01/2026,00-09-55-565,victor,img_victor_artificial_00-09-55-565.jpg,artificial,105.84047092013888,107.585556640625,122.98404622395833,66.05460385599565,6.181448567708344,9.388947482638883,61.94784241342131,0.3088424143035641,255.0
20/01/2026,00-09-55-762,victor,img_victor_artificial_00-09-55-762.jpg,artificial,107.15289496527778,110.43029622395834,124.99432508680556,65.93136331304089,7.231013454861113,9.301343315972218,61.393495651733154,0.27423403656543366,255.0
20/01/2026,00-09-55-978,victor,img_victor_artificial_00-09-55-978.jpg,artificial,104.52901041666667,111.26756727430555,125.12628580729167,66.28645468480974,7.566208767361104,9.61537868923611,61.623285741588695,0.26745237706030967,255.0
20/01/2026,00-09-56-211,victor,img_victor_artificial_00-09-56-211.jpg,artificial,102.74242404513889,111.95947482638888,123.6283279079861,65.74134695519065,7.877280815972227,9.842577039930546,61.309878502896424,0.28883499096078225,255.0
20/01/2026,00-09-56-456,victor,img_victor_artificial_00-09-56-456.jpg,artificial,104.30450303819444,110.51242838541667,121.75734483506945,67.02797748246127,7.528277994791665,9.329580078124991,62.92126367253012,0.3226699533987348,255.0
20/01/2026,00-09-56-678,victor,img_victor_artificial_00-09-56-678.jpg,artificial,104.77314453125,109.454736328125,122.91677300347222,67.56366585297711,7.522998046874989,9.13597113715278,63.298383167897995,0.2978955595137793,255.0
20/01/2026,00-09-56-916,victor,img_victor_artificial_00-09-56-916.jpg,artificial,105.36992838541667,109.49560980902778,122.94653862847223,67.40132105071646,7.478237847222232,9.088564453125002,63.0327034162066,0.29650166039239295,255.0
20/01/2026,00-09-57-151,victor,img_victor_artificial_00-09-57-151.jpg,artificial,105.88099609375,109.38411241319444,123.14273871527777,66.69047459821272,7.5581130642361245,9.18447048611111,62.26679587458455,0.2917812880421771,255.0
20/01/2026,00-09-57-390,victor,img_victor_artificial_00-09-57-390.jpg,artificial,106.47614583333333,110.18539388020834,124.02756184895833,65.51156160304174,7.853764105902769,9.301663411458321,60.75900055623901,0.27051538630260624,254.0
20/01/2026,00-09-57-638,victor,img_victor_artificial_00-09-57-638.jpg,artificial,107.47655381944445,108.39430772569445,126.50107313368055,65.53195901946046,7.606744791666671,8.53450846354167,60.93715248284432,0.25760738068750183,255.0
20/01/2026,00-09-57-881,victor,img_victor_artificial_00-09-57-881.jpg,artificial,106.49419704861111,108.28103624131944,127.00624131944444,65.6081652522358,7.821999782986097,8.84992838541666,61.3274005552423,0.2592485745370918,255.0
20/01/2026,00-09-58-119,victor,img_victor_artificial_00-09-58-119.jpg,artificial,105.23433159722222,110.37146918402777,126.952724609375,64.68213481892525,8.114549696180546,9.401495225694447,60.554643091413,0.2640180172037407,255.0
20/01/2026,00-09-58-368,victor,img_victor_artificial_00-09-58-368.jpg,artificial,105.27900824652778,111.11213433159722,126.79634874131945,64.39704266895221,8.173921440972208,9.534101562500013,60.27138548579032,0.26366082232758065,255.0
20/01/2026,00-09-58-585,victor,img_victor_artificial_00-09-58-585.jpg,artificial,106.02377604166666,111.27398654513888,126.40614040798611,63.754198434151405,8.085772569444458,9.395412326388879,59.98987442937129,0.2599415640730867,255.0
20/01/2026,00-09-58-838,victor,img_victor_artificial_00-09-58-838.jpg,artificial,105.29915581597223,114.57585503472222,125.18756293402778,62.73842554073066,8.602101779513902,10.332399088541678,58.59069776643937,0.2633658110874484,255.0
20/01/2026,00-09-59-049,victor,img_victor_artificial_00-09-59-049.jpg,artificial,105.44632161458334,115.02547526041667,124.91385199652778,62.61029206345788,8.60526909722222,10.491502821180546,58.60164315240311,0.2864079216174763,255.0
20/01/2026,00-09-59-258,victor,img_victor_artificial_00-09-59-258.jpg,artificial,107.59095269097222,114.66791124131944,123.89988172743055,62.26539701083233,8.1519650607639,9.915932074652773,58.17731635863633,0.29667756780222176,254.0
20/01/2026,00-09-59-490,victor,img_victor_artificial_00-09-59-490.jpg,artificial,107.41899956597223,111.67230034722222,123.18064019097223,63.90389967307911,7.827672526041653,9.468468967013877,59.48647463036561,0.2947144213654211,254.0
20/01/2026,00-09-59-710,victor,img_victor_artificial_00-09-59-710.jpg,artificial,107.43771484375,109.91768663194445,123.04149522569445,64.65513739526895,7.602778862847231,9.217279730902789,60.07502318717117,0.2831927641126668,254.0
20/01/2026,00-09-59-919,victor,img_victor_artificial_00-09-59-919.jpg,artificial,107.08615017361112,108.87513129340277,123.02883246527777,65.34529844882513,7.446841362847209,9.097484809027776,60.780897453216674,0.2938057407923192,255.0
20/01/2026,00-10-00-162,victor,img_victor_artificial_00-10-00-162.jpg,artificial,106.49517578125,106.32563585069444,122.41296549479166,66.76809012561826,7.031522352430557,8.70290581597223,62.23658121006486,0.3037935028658021,255.0
20/01/2026,00-10-00-392,victor,img_victor_artificial_00-10-00-392.jpg,artificial,106.73122829861111,106.4451953125,122.90178602430555,66.33752887187974,7.263780381944457,8.843356119791679,61.657250321054896,0.2970940077374938,255.0
20/01/2026,00-10-00-641,victor,img_victor_artificial_00-10-00-641.jpg,artificial,105.61735460069444,110.63273220486111,123.43158745659723,63.94227813770154,7.8754958767361245,9.701170789930558,59.42797083926757,0.2971345086256478,255.0
20/01/2026,00-10-00-846,victor,img_victor_artificial_00-10-00-846.jpg,artificial,104.90500651041667,112.95624674479167,123.34893663194444,62.82641157579171,8.119113498263886,10.096447482638894,58.5527748457345,0.3040676664775757,254.0
20/01/2026,00-10-01-053,victor,img_victor_artificial_00-10-01-053.jpg,artificial,102.80001085069445,116.72468207465278,125.47258572048611,61.958964296571374,8.70055881076388,10.90695746527777,58.30980467255392,0.3119582291974356,255.0
20/01/2026,00-10-01-255,victor,img_victor_artificial_00-10-01-255.jpg,artificial,100.74039930555556,117.84749348958333,126.12261610243056,62.38123068389171,8.709671223958338,11.123713107638878,59.281356589296294,0.32348303184090804,255.0
20/01/2026,00-10-01-455,victor,img_victor_artificial_00-10-01-455.jpg,artificial,100.39050130208334,117.59266167534722,126.37084092881945,62.704421197599764,8.637313368055544,10.938857421875014,59.877309499470755,0.32444654741240947,255.0
20/01/2026,00-10-01-690,victor,img_victor_artificial_00-10-01-690.jpg,artificial,104.46754557291666,118.43724609375,125.87478515625,61.31521491378351,8.599691840277785,10.544397786458347,58.131078673497306,0.26528819549256477,255.0
20/01/2026,00-10-01-844,victor,img_victor_artificial_00-10-01-844.jpg,artificial,106.17693142361111,119.1754296875,125.44368706597223,60.48497768428159,8.702603081597232,10.508162977430544,56.79896916617835,0.23353572780321724,253.0
20/01/2026,00-10-02-011,victor,img_victor_artificial_00-10-02-011.jpg,artificial,109.26856336805555,120.35201605902778,124.76894639756945,59.13887550323073,8.925817057291653,10.508394097222208,54.33378108953019,0.1625468412065,239.0
20/01/2026,00-10-02-166,victor,img_victor_artificial_00-10-02-166.jpg,artificial,108.62903862847222,121.09185546875,124.77739474826389,58.7838181595416,8.963331163194454,10.614518229166663,53.83988081689086,0.15136756287278558,236.0
20/01/2026,00-10-02-338,victor,img_victor_artificial_00-10-02-338.jpg,artificial,108.35176215277778,121.13032877604167,124.58429036458334,58.556833723971096,8.977128906249987,10.700236545138893,53.50176948213907,0.14346167168175503,234.0
20/01/2026,00-10-02-508,victor,img_victor_artificial_00-10-02-508.jpg,artificial,107.9279904513889,120.9871853298611,124.45594509548611,58.45586883880959,8.969117838541678,10.85791449652777,53.47714922011507,0.1446158135499478,234.0
20/01/2026,00-10-02-663,victor,img_victor_artificial_00-10-02-663.jpg,artificial,107.83974609375,120.83626302083333,124.41516276041666,58.51415687517781,8.9710568576389,10.842956814236118,53.499764407119294,0.14275695040961453,234.0
20/01/2026,00-10-02-834,victor,img_victor_artificial_00-10-02-834.jpg,artificial,108.26291883680555,120.90584526909723,124.33752821180556,58.521865168024426,8.881644965277786,10.797300347222233,53.247023560291474,0.12897873460187934,231.0
20/01/2026,00-10-03-003,victor,img_victor_artificial_00-10-03-003.jpg,artificial,107.73835069444445,120.64524848090278,124.58051540798611,59.271388430279785,8.782916666666665,10.804422743055568,53.827180001666555,0.1352066686081597,233.0
20/01/2026,00-10-03-174,victor,img_victor_artificial_00-10-03-174.jpg,artificial,107.29080078125,119.36037000868056,124.81356879340278,60.213096709300785,8.605781250000007,10.624414062499994,54.63627933815978,0.142381808794615,235.0
20/01/2026,00-10-03-344,victor,img_victor_artificial_00-10-03-344.jpg,artificial,107.84887369791667,117.86826388888889,124.67301649305556,61.15828970735322,8.362702907986119,10.36882161458334,55.455161999391024,0.15200984411599128,236.0
20/01/2026,00-10-03-518,victor,img_victor_artificial_00-10-03-518.jpg,artificial,107.7099609375,117.26001627604167,124.58467447916667,61.698519859085955,8.289711371527773,10.279080946180557,55.95396257692551,0.15587345241496783,237.0
20/01/2026,00-10-03-687,victor,img_victor_artificial_00-10-03-687.jpg,artificial,107.91265407986111,117.18858723958333,124.41867947048611,62.1620694917669,8.213472222222208,10.194296874999992,56.33533649216114,0.16213499567328205,237.0
20/01/2026,00-10-03-857,victor,img_victor_artificial_00-10-03-857.jpg,artificial,107.32418836805556,116.63759223090278,124.58231011284722,62.68874239070331,8.198149956597234,10.256499565972234,56.8336403761585,0.16810960071438852,239.0
20/01/2026,00-10-04-029,victor,img_victor_artificial_00-10-04-029.jpg,artificial,106.16184895833334,115.48882921006944,124.40561414930555,63.63335967640733,8.081561414930547,10.18012044270833,57.87113299648765,0.18730678849358107,241.0
20/01/2026,00-10-04-203,victor,img_victor_artificial_00-10-04-203.jpg,artificial,106.28719618055555,115.31799913194445,124.40263671875,63.84339390156691,8.081384548611112,10.253631727430559,58.113864073957416,0.18694279669325492,242.0
20/01/2026,00-10-04-370,victor,img_victor_artificial_00-10-04-370.jpg,artificial,106.55405164930555,115.04750434027778,124.45080078125,63.83776795621319,8.123765190972222,10.170757378472217,58.07291084562333,0.18389138185206377,242.0
20/01/2026,00-10-04-539,victor,img_victor_artificial_00-10-04-539.jpg,artificial,106.79661024305555,115.12621310763889,124.47210611979166,63.56325301821669,8.148052300347217,10.132172309027766,57.72386476664137,0.1789455461073801,241.0
20/01/2026,00-10-04-711,victor,img_victor_artificial_00-10-04-711.jpg,artificial,106.26729166666667,115.57903211805555,124.52046766493055,63.1095583244569,8.2364626736111,10.198218315972213,57.23031161517523,0.17090416654783636,240.0
20/01/2026,00-10-04-865,victor,img_victor_artificial_00-10-04-865.jpg,artificial,106.4468359375,116.62391927083333,124.72556315104167,62.38700127180742,8.462968749999987,10.362772352430568,56.581620484209914,0.15621160118203792,238.0
20/01/2026,00-10-05-020,victor,img_victor_artificial_00-10-05-020.jpg,artificial,106.14706163194444,117.95145182291667,124.68915690104167,60.83295323836835,8.714398871527777,10.611998697916675,55.20352229727766,0.13453161371324734,235.0
20/01/2026,00-10-05-195,victor,img_victor_artificial_00-10-05-195.jpg,artificial,105.54267361111111,119.74496419270834,124.32767795138889,58.91619031947728,8.969947916666655,10.898645833333347,53.60213342469309,0.11139913328749469,231.0
20/01/2026,00-10-05-363,victor,img_victor_artificial_00-10-05-363.jpg,artificial,105.36509982638889,121.50742730034722,123.7886935763889,57.05942764892684,9.214862196180547,11.18769965277778,52.1028093099748,0.11376107861010828,229.0
20/01/2026,00-10-05-535,victor,img_victor_artificial_00-10-05-535.jpg,artificial,104.5701171875,122.12730794270833,123.01343207465278,56.428742559949704,9.205605468750008,11.245094401041655,51.71896207172586,0.1398712717419539,229.0
20/01/2026,00-10-05-702,victor,img_victor_artificial_00-10-05-702.jpg,artificial,104.437734375,124.17385850694444,120.655869140625,55.57969485328804,9.183537326388887,11.289915364583322,50.967039292742434,0.1827553312312792,227.0
20/01/2026,00-10-05-873,victor,img_victor_artificial_00-10-05-873.jpg,artificial,103.89371527777777,124.77963433159722,119.84833984375,55.195027469480706,9.226728515625013,11.34928059895833,50.51973427020718,0.19821387082983594,226.0
20/01/2026,00-10-06-044,victor,img_victor_artificial_00-10-06-044.jpg,artificial,100.56879557291667,127.10184678819445,118.410810546875,54.53492504822719,9.706613498263891,12.142098524305567,49.549760589624185,0.3093275998689816,229.0
20/01/2026,00-10-06-214,victor,img_victor_artificial_00-10-06-214.jpg,artificial,101.18894965277778,128.24289496527777,117.146953125,53.7026096179604,9.713978949652784,12.106736111111104,48.5361913628826,0.3115887029689177,225.0
20/01/2026,00-10-06-385,victor,img_victor_artificial_00-10-06-385.jpg,artificial,100.39234375,131.31433376736112,113.7099728732639,52.69694462703163,9.707597656249987,12.24948676215277,47.61054144596305,0.3916144401853396,219.0
20/01/2026,00-10-06-555,victor,img_victor_artificial_00-10-06-555.jpg,artificial,99.41711588541666,132.58758463541668,113.00957356770833,52.66430226649351,9.906506076388894,12.45332465277778,47.55965840214975,0.4304661558937946,219.0
20/01/2026,00-10-06-723,victor,img_victor_artificial_00-10-06-723.jpg,artificial,98.34833116319444,134.01356879340278,112.04833550347222,52.639391432961844,9.99711046006945,12.653974609375013,47.45402370878663,0.46286501783312084,219.0
20/01/2026,00-10-06-891,victor,img_victor_artificial_00-10-06-891.jpg,artificial,97.35086588541667,135.93207356770833,110.279921875,52.75544420540754,10.133981119791656,12.820652126736121,47.479812658489784,0.5004251040835036,217.0
20/01/2026,00-10-07-051,victor,img_victor_artificial_00-10-07-051.jpg,artificial,97.44570963541666,136.16239583333333,109.80509006076389,52.88636732537287,10.122306857638875,12.839354383680558,47.51783238467442,0.5042829890605117,217.0
20/01/2026,00-10-07-220,victor,img_victor_artificial_00-10-07-220.jpg,artificial,101.39791883680556,129.2543891059028,121.27675455729167,54.13267566112658,10.49225151909721,13.498853081597218,49.047627554001245,0.3364781122298136,232.0
20/01/2026,00-10-07-385,victor,img_victor_artificial_00-10-07-385.jpg,artificial,101.50458767361111,129.40599066840278,120.76082573784723,54.216852167109174,10.453338758680559,13.485756293402773,48.98234025450847,0.3402114821659889,232.0
20/01/2026,00-10-07-543,victor,img_victor_artificial_00-10-07-543.jpg,artificial,101.30566840277778,129.56989800347222,120.16488389756944,54.19917043341267,10.519935980902773,13.492273220486112,48.842666566945844,0.34538121888874246,230.0
20/01/2026,00-10-07-697,victor,img_victor_artificial_00-10-07-697.jpg,artificial,101.20251085069444,129.89089626736111,119.48849717881944,54.22609476407266,10.497734374999993,13.54671549479167,48.71824080492063,0.3558828988812737,230.0
20/01/2026,00-10-07-856,victor,img_victor_artificial_00-10-07-856.jpg,artificial,101.06999565972222,130.02033637152778,119.28013129340277,54.293433471908244,10.485736762152783,13.597323133680561,48.73797066289641,0.35843044514138606,229.0
20/01/2026,00-10-08-027,victor,img_victor_artificial_00-10-08-027.jpg,artificial,102.96099826388888,130.0669476996528,118.69940104166666,54.3555906896851,10.485203993055563,13.447740885416664,48.7519895667486,0.36805769358215473,229.0
20/01/2026,00-10-08-197,victor,img_victor_artificial_00-10-08-197.jpg,artificial,103.19163411458334,130.25233506944446,118.54564670138889,54.38858352977378,10.459395616319455,13.430745442708343,48.75530306280421,0.3712512972752977,229.0
20/01/2026,00-10-08-365,victor,img_victor_artificial_00-10-08-365.jpg,artificial,103.6258984375,130.47915690104168,118.24994791666667,54.4527020647283,10.48093750000001,13.361123046875008,48.74766711696512,0.3763146008212459,228.0
20/01/2026,00-10-08-534,victor,img_victor_artificial_00-10-08-534.jpg,artificial,103.46102647569444,130.80740559895833,118.12195855034722,54.565260438563996,10.422749565972225,13.409875217013877,48.783760378401844,0.3780233856272872,228.0
20/01/2026,00-10-08-690,victor,img_victor_artificial_00-10-08-690.jpg,artificial,105.20276909722222,130.12832682291668,118.22727864583334,54.50994261186753,10.46738498263889,13.116116536458321,48.7986315100725,0.38193512430888843,228.0
20/01/2026,00-10-08-860,victor,img_victor_artificial_00-10-08-860.jpg,artificial,106.25901692708334,129.9094921875,118.32374565972222,54.5586899875495,10.42518880208334,13.010232204861097,48.85196345567947,0.3796037845520921,229.0
20/01/2026,00-10-09-031,victor,img_victor_artificial_00-10-09-031.jpg,artificial,106.60301649305555,130.07552083333334,118.39613172743056,54.57360315239167,10.398629557291656,12.978777126736105,48.87023801498052,0.3813229969008474,229.0
20/01/2026,00-10-09-206,victor,img_victor_artificial_00-10-09-206.jpg,artificial,106.05481336805556,130.14043294270834,118.34173828125,54.639222131683596,10.406630859375014,13.029908854166678,48.900436676708146,0.3827564929025002,229.0
20/01/2026,00-10-09-375,victor,img_victor_artificial_00-10-09-375.jpg,artificial,104.99947916666666,130.0719650607639,118.2412109375,54.69169669223379,10.320363498263902,13.12774088541667,48.915373821348034,0.3846595830521197,229.0
20/01/2026,00-10-09-544,victor,img_victor_artificial_00-10-09-544.jpg,artificial,104.93000868055556,130.0371267361111,118.24821506076388,54.63023917479918,10.352735460069454,13.138685980902778,48.830348675518515,0.3859547412475599,229.0
20/01/2026,00-10-09-714,victor,img_victor_artificial_00-10-09-714.jpg,artificial,104.84809027777777,129.85755316840277,118.13861762152777,54.49494546832737,10.344544270833325,13.103438585069455,48.63715288407658,0.38202608431762575,228.0
20/01/2026,00-10-09-885,victor,img_victor_artificial_00-10-09-885.jpg,artificial,104.604765625,129.99311848958334,118.172998046875,54.40004379227211,10.348745659722226,13.118471137152767,48.499182855471666,0.3824634551478398,228.0
20/01/2026,00-10-10-053,victor,img_victor_artificial_00-10-10-053.jpg,artificial,106.52448133680555,129.0076171875,118.65605794270833,54.060838017149095,10.260295138888893,12.947013888888875,48.093869549030366,0.3714216084448438,228.0
20/01/2026,00-10-10-227,victor,img_victor_artificial_00-10-10-227.jpg,artificial,106.85205078125,127.45423719618056,119.95410047743056,53.71526210523573,9.888862847222214,12.678892144097233,47.73181387667905,0.33960828658986864,228.0
20/01/2026,00-10-10-399,victor,img_victor_artificial_00-10-10-399.jpg,artificial,107.68335286458333,126.57843967013889,120.3448828125,53.74736991977894,9.815333116319437,12.530339626736122,47.81815683924281,0.3240985338948916,228.0
20/01/2026,00-10-10-555,victor,img_victor_artificial_00-10-10-555.jpg,artificial,108.51557291666667,126.07658962673611,121.23357964409722,53.40965237490827,9.68792860243056,12.294924045138885,47.637498991377974,0.28543025427668156,228.0
20/01/2026,00-10-10-726,victor,img_victor_artificial_00-10-10-726.jpg,artificial,108.50101996527778,125.60581814236112,121.56722113715277,53.351570526769756,9.636420355902771,12.211009114583334,47.61750342749245,0.2728555312335337,227.0
20/01/2026,00-10-10-897,victor,img_victor_artificial_00-10-10-897.jpg,artificial,107.34605685763889,125.2527734375,122.36400499131945,53.38998418811915,9.411478949652775,12.349047309027782,47.55452399966216,0.22443727618105044,228.0
20/01/2026,00-10-11-065,victor,img_victor_artificial_00-10-11-065.jpg,artificial,107.14495659722222,124.5624533420139,122.75762478298611,53.59187916762874,9.344521484375008,12.397290581597218,47.722814257922565,0.18964338020438434,228.0
20/01/2026,00-10-11-216,victor,img_victor_artificial_00-10-11-216.jpg,artificial,107.2162912326389,123.37036675347223,123.11119683159723,53.8775228775336,9.236034071180569,12.553019748263893,47.93526787441829,0.15419577814700455,227.0
20/01/2026,00-10-11-377,victor,img_victor_artificial_00-10-11-377.jpg,artificial,107.20233289930556,122.09572482638889,123.31790256076388,54.416046849791776,9.207480468749992,12.497545572916664,48.425384990264725,0.13815759810517153,227.0
20/01/2026,00-10-11-534,victor,img_victor_artificial_00-10-11-534.jpg,artificial,107.20085286458334,122.01238172743055,123.47287651909723,54.455598590740074,9.240442708333347,12.488222656250002,48.44040442341514,0.14043072547932756,228.0
20/01/2026,00-10-11-702,victor,img_victor_artificial_00-10-11-702.jpg,artificial,105.84216362847222,122.54649848090278,123.16615342881944,54.31241195995519,9.438151041666657,12.758942057291677,48.276194680974825,0.17996020080380376,229.0
20/01/2026,00-10-11-861,victor,img_victor_artificial_00-10-11-861.jpg,artificial,105.50333550347223,122.9152734375,122.9593185763889,54.252199963914364,9.47052842881945,12.819314236111097,48.276084302491114,0.19666628945711273,229.0
20/01/2026,00-10-12-031,victor,img_victor_artificial_00-10-12-031.jpg,artificial,103.47868489583334,125.23214735243056,122.30810980902778,54.302418841553454,9.845559895833333,13.199917534722232,48.72155605414016,0.2852635737814013,232.0
20/01/2026,00-10-12-198,victor,img_victor_artificial_00-10-12-198.jpg,artificial,102.76940755208334,127.46667860243056,121.55140190972222,54.16345061555126,10.149995659722208,13.563378906249994,48.658315029412506,0.3367045167491677,232.0
20/01/2026,00-10-12-354,victor,img_victor_artificial_00-10-12-354.jpg,artificial,101.69358506944444,129.57334418402777,119.91585177951389,54.78853521253307,10.578258463541658,13.95412651909723,49.31577246563234,0.34286115102634446,230.0
20/01/2026,00-10-12-508,victor,img_victor_artificial_00-10-12-508.jpg,artificial,101.15171223958333,130.1554318576389,119.32769422743056,55.41320560503246,10.680378689236107,14.198121744791678,50.29269507884204,0.3134730367562009,229.0
20/01/2026,00-10-12-664,victor,img_victor_artificial_00-10-12-664.jpg,artificial,101.00525824652777,129.49534830729166,118.9183083767361,55.55781892974582,10.578263888888898,14.235268012152773,50.76485453132567,0.30740416068619786,229.0
20/01/2026,00-10-12-835,victor,img_victor_artificial_00-10-12-835.jpg,artificial,99.92946831597222,128.65182834201389,118.80512586805555,56.16530355226291,10.360723741319447,14.123424479166658,51.62640591436445,0.30074260706363015,231.0
20/01/2026,00-10-12-991,victor,img_victor_artificial_00-10-12-991.jpg,artificial,100.70695746527778,128.5810894097222,118.73824327256945,56.49119769302454,10.182861328125,14.019538845486125,52.01084862551188,0.2957601058887421,231.0
20/01/2026,00-10-13-145,victor,img_victor_artificial_00-10-13-145.jpg,artificial,100.32590277777778,128.76916124131944,118.81547200520833,56.61224176759056,10.01727430555556,13.995107421874991,52.12179825802322,0.2917720515370293,232.0
20/01/2026,00-10-13-302,victor,img_victor_artificial_00-10-13-302.jpg,artificial,102.07132378472222,127.96521375868056,118.96742730034723,56.558889111262964,10.000494791666654,13.650295138888879,52.14001727076979,0.29327967956508494,232.0
20/01/2026,00-10-13-469,victor,img_victor_artificial_00-10-13-469.jpg,artificial,102.55501953125,128.09062391493055,118.82117513020833,56.46072667289688,9.92822265625,13.638621961805569,52.00915149732395,0.2985008244514001,231.0
20/01/2026,00-10-13-625,victor,img_victor_artificial_00-10-13-625.jpg,artificial,104.78287326388889,128.69438802083334,117.34705837673611,55.35252536776475,10.12392361111111,13.73344292534722,50.7027230898736,0.31466669570890116,226.0
20/01/2026,00-10-13-796,victor,img_victor_artificial_00-10-13-796.jpg,artificial,105.06398003472222,128.6884255642361,116.87242838541667,54.85754344791062,10.306748046874986,13.77248589409723,49.96642269220502,0.31865982228858725,224.0
20/01/2026,00-10-13-950,victor,img_victor_artificial_00-10-13-950.jpg,artificial,106.80551649305555,128.21637369791668,117.30654188368055,54.58080059485465,10.249584418402776,13.71592447916666,49.5427421309243,0.3193475245604211,224.0
20/01/2026,00-10-14-117,victor,img_victor_artificial_00-10-14-117.jpg,artificial,107.22445963541666,128.03291124131945,118.387177734375,54.292848852320894,10.142536892361107,13.344991319444432,49.168063028366,0.3208191596320809,224.0
20/01/2026,00-10-14-273,victor,img_victor_artificial_00-10-14-273.jpg,artificial,107.42458767361111,128.03435763888888,118.87533203125,54.29915933842229,10.191028645833342,13.223045789930552,49.13308977099963,0.3210730943254334,225.0
20/01/2026,00-10-14-442,victor,img_victor_artificial_00-10-14-442.jpg,artificial,107.75649522569445,127.70064344618055,120.02072482638889,54.23927707562512,10.105290798611122,12.99682183159723,48.95743800968145,0.3297865749308695,228.0
20/01/2026,00-10-14-597,victor,img_victor_artificial_00-10-14-597.jpg,artificial,107.93009548611111,127.15724283854166,120.78958333333334,53.80974949416695,9.924036458333347,12.731587456597225,48.67798909155819,0.3311484836591459,229.0
20/01/2026,00-10-14-752,victor,img_victor_artificial_00-10-14-752.jpg,artificial,108.44321831597222,125.79517252604167,122.17063585069444,53.583049771510574,9.755080295138896,12.359453124999987,48.579015168529864,0.30050429755685276,230.0
20/01/2026,00-10-14-906,victor,img_victor_artificial_00-10-14-906.jpg,artificial,108.67494357638888,125.23016059027778,123.191640625,53.1665376949456,9.522721354166663,12.156858723958322,48.38068546310404,0.24768438389455275,229.0
20/01/2026,00-10-15-062,victor,img_victor_artificial_00-10-15-062.jpg,artificial,109.32634548611111,124.92290147569445,124.42361653645834,52.835266655385254,9.532362196180543,11.964662543402767,48.16952515928864,0.21571237132270857,230.0
20/01/2026,00-10-15-218,victor,img_victor_artificial_00-10-15-218.jpg,artificial,108.2707400173611,124.98408962673611,125.41035481770834,52.53967062880162,9.641192491319458,12.051719835069434,47.9226134380724,0.19848861682814287,230.0
20/01/2026,00-10-15-389,victor,img_victor_artificial_00-10-15-389.jpg,artificial,107.69862847222223,125.41919379340278,125.92941840277778,52.273917169479525,9.649421657986125,12.145818142361122,47.67151070519089,0.16775786590906916,229.0
20/01/2026,00-10-15-560,victor,img_victor_artificial_00-10-15-560.jpg,artificial,107.54209635416667,125.60437174479166,125.40679796006944,52.15576672029504,9.584531249999998,12.198016493055547,47.44164033852523,0.17151685102355596,228.0
20/01/2026,00-10-15-714,victor,img_victor_artificial_00-10-15-714.jpg,artificial,107.34208550347222,125.92913628472222,125.10763780381944,52.27946979101099,9.502014973958325,12.30281901041667,47.351695231752686,0.1828278352422292,228.0
20/01/2026,00-10-15-873,victor,img_victor_artificial_00-10-15-873.jpg,artificial,105.91181423611111,126.19454969618056,124.42849826388888,52.47428193987888,9.477891710069457,12.471124131944435,47.36346374050248,0.2109311257348815,228.0
20/01/2026,00-10-16-045,victor,img_victor_artificial_00-10-16-045.jpg,artificial,103.34281684027778,125.71781575520833,123.51297092013888,53.00852667982432,9.448759765624999,12.864176432291657,47.72252517287447,0.26925631931477806,230.0
20/01/2026,00-10-16-199,victor,img_victor_artificial_00-10-16-199.jpg,artificial,101.63500217013889,125.49123263888889,123.00368598090277,53.00804719026819,9.419801432291678,13.05067708333334,47.768878599622795,0.2875297122331197,229.0
20/01/2026,00-10-16-355,victor,img_victor_artificial_00-10-16-355.jpg,artificial,101.65270616319444,125.45249131944445,122.59387152777778,52.89477363495581,9.43114800347223,13.135143229166658,47.75713691493094,0.3060651129185228,229.0
20/01/2026,00-10-16-510,victor,img_victor_artificial_00-10-16-510.jpg,artificial,102.78819227430556,125.17550998263889,121.79885091145833,52.80294117742767,9.350450303819457,13.039354383680546,47.701964640045176,0.3176056218326526,227.0
20/01/2026,00-10-16-673,victor,img_victor_artificial_00-10-16-673.jpg,artificial,102.6331032986111,125.77658637152778,121.44044270833334,52.71334101108122,9.344159071180542,13.074588758680562,47.66891816916265,0.32179622970959454,226.0
20/01/2026,00-10-16-829,victor,img_victor_artificial_00-10-16-829.jpg,artificial,102.85730902777777,126.23062065972222,121.39181423611112,52.57736276117655,9.323146701388879,12.95683159722222,47.670678939924414,0.31867657245505165,226.0
20/01/2026,00-10-16-985,victor,img_victor_artificial_00-10-16-985.jpg,artificial,102.82104817708333,126.58245442708333,121.86475151909723,52.603811662922354,9.268760850694434,12.950740017361113,47.83238100380207,0.31106762148142786,228.0
20/01/2026,00-10-17-139,victor,img_victor_artificial_00-10-17-139.jpg,artificial,102.98269748263888,126.38211046006944,123.11490451388889,52.533768633764346,9.343733723958337,12.88765516493055,47.972969397517716,0.28485219515208093,230.0
20/01/2026,00-10-17-295,victor,img_victor_artificial_00-10-17-295.jpg,artificial,105.56730251736111,123.85342881944445,126.40387369791667,52.83467680512585,9.25400607638889,12.589856770833336,48.54574447792703,0.21727888711012297,233.0
20/01/2026,00-10-17-452,victor,img_victor_artificial_00-10-17-452.jpg,artificial,107.45410807291667,121.22962022569445,127.30545464409722,53.42971267352401,9.010212673611107,12.249335937500007,49.035645822244874,0.1908726622908122,234.0
20/01/2026,00-10-17-620,victor,img_victor_artificial_00-10-17-620.jpg,artificial,108.61724609375,118.80298719618055,128.04381293402778,54.262220275038615,8.7654904513889,11.99930772569445,49.46409261784394,0.17705888371611314,237.0
20/01/2026,00-10-17-789,victor,img_victor_artificial_00-10-17-789.jpg,artificial,109.71123263888889,116.78732421875,128.2013107638889,55.905067405826046,8.364962022569443,11.60339084201388,50.60575612375813,0.15125230809899223,241.0
20/01/2026,00-10-17-956,victor,img_victor_artificial_00-10-17-956.jpg,artificial,109.08168185763888,116.29650065104167,128.53391059027777,56.3197465762422,8.408905164930559,11.645944010416656,50.9588527983145,0.12812442478400826,241.0
20/01/2026,00-10-18-110,victor,img_victor_artificial_00-10-18-110.jpg,artificial,110.0322092013889,116.07804796006944,129.32797526041668,56.30189553952102,8.499470486111107,11.591111111111104,50.90303442437785,0.09667614952099812,241.0
20/01/2026,00-10-18-267,victor,img_victor_artificial_00-10-18-267.jpg,artificial,108.72504991319444,115.848642578125,130.59207465277777,56.43669068296287,8.719187282986098,11.772765842013882,51.28711359371433,0.07641920575006181,243.0
20/01/2026,00-10-18-418,victor,img_victor_artificial_00-10-18-418.jpg,artificial,109.30309678819444,115.04651041666666,131.32158528645834,56.6367117499133,8.62595703125001,11.659590928819455,52.06562082744509,0.07962167742579775,245.0
20/01/2026,00-10-18-578,victor,img_victor_artificial_00-10-18-578.jpg,artificial,110.14131293402778,112.65820638020833,131.65656684027778,57.31341892606533,8.281340060763881,11.099775390625013,53.10386154688904,0.06313636359815038,245.0
20/01/2026,00-10-18-732,victor,img_victor_artificial_00-10-18-732.jpg,artificial,110.95193576388888,110.73064887152778,131.4660427517361,58.10621938703207,8.13409288194444,10.706909722222235,53.76966488456878,0.06697322830070564,246.0
20/01/2026,00-10-18-904,victor,img_victor_artificial_00-10-18-904.jpg,artificial,110.65907986111111,109.18055555555556,131.0378591579861,59.094466640067814,7.974320746527781,10.425030381944453,54.49087434802759,0.0666515544318501,248.0
20/01/2026,00-10-19-073,victor,img_victor_artificial_00-10-19-073.jpg,artificial,110.7678342013889,108.47606011284722,130.95898871527777,59.39382015267244,7.9305002170139005,10.35771050347222,54.72343549037167,0.05843670535420316,248.0
20/01/2026,00-10-19-242,victor,img_victor_artificial_00-10-19-242.jpg,artificial,110.47138454861111,108.29965277777778,130.9195431857639,59.656502851521665,7.9596983506944525,10.450141059027771,54.99807171704639,0.05159051929385525,248.0
20/01/2026,00-10-19-413,victor,img_victor_artificial_00-10-19-413.jpg,artificial,109.84631293402778,108.10438259548611,130.8469021267361,59.76207669800486,7.918427734375001,10.484742838541678,55.12407582230636,0.05214160105637768,248.0
20/01/2026,00-10-19-586,victor,img_victor_artificial_00-10-19-586.jpg,artificial,109.05174913194445,108.32861111111112,130.76911458333333,59.849837386916455,7.9853569878472115,10.631603732638894,55.19678934699917,0.05289762673305759,249.0
20/01/2026,00-10-19-756,victor,img_victor_artificial_00-10-19-756.jpg,artificial,108.58854817708334,108.81024305555556,130.8810818142361,59.75644449425771,7.994301215277773,10.700944010416663,55.173643362234,0.05340976311370786,249.0
20/01/2026,00-10-19-912,victor,img_victor_artificial_00-10-19-912.jpg,artificial,108.66684895833333,108.46144639756945,130.88304578993055,59.785698536080695,7.932888454861114,10.664853515624998,55.143601649911226,0.05288909238197274,249.0
20/01/2026,00-10-20-066,victor,img_victor_artificial_00-10-20-066.jpg,artificial,108.82245442708333,108.562236328125,131.13042534722223,59.63616159353942,7.970447048611106,10.663670789930563,54.990291590875984,0.052101005089175846,248.0
20/01/2026,00-10-20-236,victor,img_victor_artificial_00-10-20-236.jpg,artificial,107.84345703125,108.81034830729166,131.64945638020833,59.48785643275463,8.06784613715277,10.789892578125006,54.94818565889651,0.056361679748879075,249.0
20/01/2026,00-10-20-404,victor,img_victor_artificial_00-10-20-404.jpg,artificial,107.39090928819445,108.83652452256945,131.73692816840278,59.33502118992618,8.142400173611122,10.882341579861105,54.895875330374146,0.06278456473480988,250.0
20/01/2026,00-10-20-566,victor,img_victor_artificial_00-10-20-566.jpg,artificial,106.45380208333333,109.31930989583333,132.00688368055555,58.98281323658989,8.23178927951389,11.037483723958331,54.66527324898346,0.06734017798241534,250.0
20/01/2026,00-10-20-733,victor,img_victor_artificial_00-10-20-733.jpg,artificial,106.80495442708333,110.42600911458334,133.28173936631944,57.888252107724334,8.469596354166669,11.239466145833347,53.13576696736519,0.03617615726206532,247.0
20/01/2026,00-10-20-903,victor,img_victor_artificial_00-10-20-903.jpg,artificial,104.21082899305556,111.77027452256945,133.7891330295139,58.69258322197386,8.890668402777777,11.780772569444451,53.916886208984934,0.07741683736447824,252.0
20/01/2026,00-10-21-057,victor,img_victor_artificial_00-10-21-057.jpg,artificial,102.56446397569445,113.405595703125,134.454853515625,58.74872648950528,9.278956163194437,12.19862630208334,53.58804553736807,0.08256807881253525,254.0
20/01/2026,00-10-21-225,victor,img_victor_artificial_00-10-21-225.jpg,artificial,101.92420355902777,114.17019097222222,134.76259982638888,58.53810118229919,9.25914822048611,12.377320963541678,53.804544227633635,0.09062709716465811,254.0
20/01/2026,00-10-21-397,victor,img_victor_artificial_00-10-21-397.jpg,artificial,119.88737196180556,103.70204969618055,142.53261393229167,53.777198562243356,8.878952907986104,10.186644965277765,50.685918361377006,0.23648924781740452,254.0
20/01/2026,00-10-21-563,victor,img_victor_artificial_00-10-21-563.jpg,artificial,121.88874348958333,100.83402126736111,144.42015299479166,51.8470193562024,8.949205729166664,9.9356564670139,49.273221972810155,0.2609880125883911,254.0
20/01/2026,00-10-21-735,victor,img_victor_artificial_00-10-21-735.jpg,artificial,109.18079861111111,109.81621202256945,138.61133680555557,55.196072832333435,8.659424913194442,11.810949435763888,51.661650600854706,0.17604818239801243,254.0
20/01/2026,00-10-21-901,victor,img_victor_artificial_00-10-21-901.jpg,artificial,104.82698784722223,113.47198133680556,139.07101128472223,57.06135241271694,8.804869791666675,12.363218315972233,53.76431196441721,0.09137312099681497,255.0
20/01/2026,00-10-22-055,victor,img_victor_artificial_00-10-22-055.jpg,artificial,104.64396484375,113.49683051215278,139.4270876736111,57.3360661535978,8.794550781249995,12.29156358506944,54.010347827590245,0.09324897275110482,255.0
20/01/2026,00-10-22-225,victor,img_victor_artificial_00-10-22-225.jpg,artificial,105.62504340277778,112.91313585069445,139.41545355902778,57.41645714529998,8.607165798611106,12.112901475694457,54.057649691946935,0.0937784337710217,255.0
20/01/2026,00-10-22-398,victor,img_victor_artificial_00-10-22-398.jpg,artificial,105.74631293402778,112.64587890625,139.37054253472223,57.37622841490063,8.501943359374991,12.099346788194453,54.04063786070202,0.09190498198310207,255.0
20/01/2026,00-10-22-567,victor,img_victor_artificial_00-10-22-567.jpg,artificial,108.41726996527778,111.12509765625,139.7569704861111,57.04452502674474,8.37004774305555,11.842276475694433,53.758846965073026,0.10430746399384756,255.0
20/01/2026,00-10-22-737,victor,img_victor_artificial_00-10-22-737.jpg,artificial,123.29233723958333,99.24898980034722,146.4992328559028,51.74250920206782,8.413108723958345,9.528778211805559,49.997612227548224,0.2845094794956936,255.0
20/01/2026,00-10-22-906,victor,img_victor_artificial_00-10-22-906.jpg,artificial,126.30672526041667,101.03146592881944,146.9756792534722,51.78938109727504,8.381662326388891,9.082590060763891,50.24918255355873,0.30434178353435554,255.0
20/01/2026,00-10-23-061,victor,img_victor_artificial_00-10-23-061.jpg,artificial,127.06719835069444,101.3402734375,147.490576171875,51.56699446062257,8.4108083767361,8.999468315972223,50.02342255247983,0.30954865115660857,255.0
20/01/2026,00-10-23-231,victor,img_victor_artificial_00-10-23-231.jpg,artificial,126.45176432291667,101.00568684895833,147.8215625,51.45708931009339,8.433550347222223,9.163402777777776,49.898489898603586,0.30605520678933285,255.0
20/01/2026,00-10-23-389,victor,img_victor_artificial_00-10-23-389.jpg,artificial,125.5364453125,100.89964952256945,147.64478190104165,51.61812170017336,8.291975911458337,9.358161892361125,50.03159162977932,0.3048520944772528,255.0
20/01/2026,00-10-23-559,victor,img_victor_artificial_00-10-23-559.jpg,artificial,123.18172309027777,100.57369032118055,147.43138346354166,51.929708924093376,8.204249131944437,9.607360026041675,50.27389848277977,0.2934654594181949,255.0
20/01/2026,00-10-23-724,victor,img_victor_artificial_00-10-23-724.jpg,artificial,120.65247178819445,100.298447265625,148.03654188368054,52.26530731280073,8.14275282118055,10.080145399305565,50.37417506496641,0.2650544028669374,255.0
20/01/2026,00-10-23-885,victor,img_victor_artificial_00-10-23-885.jpg,artificial,118.3405078125,99.92535807291667,147.79012803819444,52.63106118376384,8.124610460069448,10.511176215277771,50.49013335745165,0.2453590225225593,255.0
20/01/2026,00-10-24-054,victor,img_victor_artificial_00-10-24-054.jpg,artificial,114.75316840277777,100.27573676215277,146.8812717013889,53.06794177237038,8.0401193576389,10.997082248263894,50.4853843130656,0.20904782128621852,255.0
20/01/2026,00-10-24-221,victor,img_victor_artificial_00-10-24-221.jpg,artificial,113.22641493055555,100.85720160590277,145.58947374131944,53.228135733705024,7.958402777777792,11.251247829861114,50.28317683546879,0.18785131817950065,255.0
20/01/2026,00-10-24-376,victor,img_victor_artificial_00-10-24-376.jpg,artificial,112.74302734375,101.73293402777777,144.64361219618056,53.35575269849746,7.873217230902782,11.359154730902787,50.13864739928828,0.1754331621388383,254.0
20/01/2026,00-10-24-529,victor,img_victor_artificial_00-10-24-529.jpg,artificial,106.85541666666667,107.40622612847223,140.97527018229167,55.656056048295824,8.343453776041656,12.318883463541653,52.11033104118962,0.10156550067003838,254.0
20/01/2026,00-10-24-687,victor,img_victor_artificial_00-10-24-687.jpg,artificial,116.35714192708333,100.95526584201389,146.35294053819445,53.58469107751143,8.541365017361102,10.943307291666656,50.77017791221692,0.20798977101896787,255.0
20/01/2026,00-10-24-853,victor,img_victor_artificial_00-10-24-853.jpg,artificial,102.03479166666666,111.962119140625,138.32745551215277,59.15412651818029,8.20082356770834,13.17511284722221,54.98429569089276,-0.00011326508727733958,254.0
20/01/2026,00-10-25-009,victor,img_victor_artificial_00-10-25-009.jpg,artificial,101.64241970486111,114.14528428819445,137.26462239583333,59.4555337330402,8.132034505208338,13.222049696180562,54.533826015560905,-0.027769496876934335,253.0
20/01/2026,00-10-25-160,victor,img_victor_artificial_00-10-25-160.jpg,artificial,103.78171875,114.64921332465278,135.09688802083335,58.04694410489047,8.18610026041668,12.986744791666666,53.181939944137525,-0.007612386817821228,247.0
20/01/2026,00-10-25-317,victor,img_victor_artificial_00-10-25-317.jpg,artificial,104.07408637152778,114.53456597222223,132.53963324652779,56.6063609710327,8.079735243055552,12.496002604166677,52.04507979887629,0.0219769918134004,243.0
20/01/2026,00-10-25-474,victor,img_victor_artificial_00-10-25-474.jpg,artificial,104.81937934027778,113.83850477430556,132.06057183159723,56.76773703042031,7.921382378472231,12.147667100694434,52.36270530787705,0.02544618325538479,242.0
20/01/2026,00-10-25-641,victor,img_victor_artificial_00-10-25-641.jpg,artificial,107.21225477430555,112.44827799479167,131.65677191840277,57.14547968048586,7.837315538194446,11.735865885416672,52.7953766235872,0.03382600899245314,242.0
20/01/2026,00-10-25-798,victor,img_victor_artificial_00-10-25-798.jpg,artificial,107.28263237847223,111.39918294270834,131.40080186631945,57.57748305656978,7.7977973090277715,11.479683159722214,53.202953617054796,0.04077102060525401,243.0
20/01/2026,00-10-25-962,victor,img_victor_artificial_00-10-25-962.jpg,artificial,107.73161675347222,109.83212565104166,130.82662760416667,58.50232271251194,7.65789930555556,11.130158420138883,53.89704642061604,0.051227000548749464,244.0
20/01/2026,00-10-26-132,victor,img_victor_artificial_00-10-26-132.jpg,artificial,107.53056206597222,109.8841232638889,130.58382269965279,58.65358336347874,7.725041232638887,11.094777560763902,54.03234754295826,0.04950863596995255,244.0
20/01/2026,00-10-26-304,victor,img_victor_artificial_00-10-26-304.jpg,artificial,106.82853732638888,109.93439019097222,130.57629014756944,58.75835013905159,7.808442925347208,11.116766493055565,54.16052748603185,0.04858913951393246,244.0
20/01/2026,00-10-26-476,victor,img_victor_artificial_00-10-26-476.jpg,artificial,106.66165581597222,109.94148220486112,130.59808268229168,58.75918619091558,7.864524739583345,11.114716796875001,54.140261434816075,0.04773093456795429,244.0
20/01/2026,00-10-26-628,victor,img_victor_artificial_00-10-26-628.jpg,artificial,106.91771484375,110.122646484375,130.7476736111111,58.69073370916871,7.921152343750009,11.139639756944433,54.046852912813506,0.047141904392005746,244.0
20/01/2026,00-10-26-782,victor,img_victor_artificial_00-10-26-782.jpg,artificial,107.69405164930555,110.13666666666667,130.95165907118056,58.54939629949065,8.026230468749986,11.085098741319456,53.84137036546516,0.04362476695936096,244.0
20/01/2026,00-10-26-953,victor,img_victor_artificial_00-10-26-953.jpg,artificial,107.67662109375,109.95405056423611,131.09608506944446,58.41326377870831,8.113900824652774,11.057433810763882,53.55286866811336,0.052744775082434,245.0
20/01/2026,00-10-27-123,victor,img_victor_artificial_00-10-27-123.jpg,artificial,106.53108072916666,111.81175130208334,131.549794921875,57.80794138240875,8.320583767361114,11.496295572916665,52.85949627611254,0.06527017314208503,246.0
20/01/2026,00-10-27-282,victor,img_victor_artificial_00-10-27-282.jpg,artificial,106.96666449652778,113.43022677951389,131.30543619791666,57.0875089786308,8.289417317708342,11.700651041666674,52.25239606277628,0.058427904918137576,244.0
20/01/2026,00-10-27-433,victor,img_victor_artificial_00-10-27-433.jpg,artificial,104.33995225694444,116.54394639756944,131.7179535590278,55.99027414826164,8.689705946180567,12.37740125868055,51.22140515510757,0.05307078024615878,243.0
20/01/2026,00-10-27-589,victor,img_victor_artificial_00-10-27-589.jpg,artificial,103.7931228298611,117.94919487847223,131.20196723090277,55.67925798911605,8.939000651041653,12.678312717013881,50.7841608398101,0.06304192598337187,242.0
20/01/2026,00-10-27-755,victor,img_victor_artificial_00-10-27-755.jpg,artificial,102.53241753472223,119.32259440104167,130.44412434895833,55.39558160007824,9.064786241319439,12.965278862847214,50.35178081885692,0.07722117785192893,241.0
20/01/2026,00-10-27-924,victor,img_victor_artificial_00-10-27-924.jpg,artificial,101.65590494791667,120.56640299479167,129.13930230034723,55.22676326845923,9.19230794270834,13.210805121527784,50.00991515891288,0.09580207134665526,240.0
20/01/2026,00-10-28-083,victor,img_victor_artificial_00-10-28-083.jpg,artificial,100.79018229166667,121.92889973958333,127.86825846354166,54.662404895576266,9.433510199652773,13.486426866319448,49.30016902858353,0.11861974597240256,237.0
20/01/2026,00-10-28-252,victor,img_victor_artificial_00-10-28-252.jpg,artificial,95.96093315972222,126.33993489583334,125.32828993055556,52.87171927643171,10.039329427083345,14.254581163194445,47.4242018828245,0.1724320677252457,229.0
20/01/2026,00-10-28-406,victor,img_victor_artificial_00-10-28-406.jpg,artificial,96.55925998263889,127.71425889756945,123.55892469618055,52.96081612671073,9.9664431423611,14.11477105034723,47.35973049610092,0.20875951953304592,227.0
20/01/2026,00-10-28-577,victor,img_victor_artificial_00-10-28-577.jpg,artificial,95.71110026041667,128.59686848958333,121.96077582465277,53.23467766527309,9.980986328124999,14.150949435763891,47.35140442334559,0.26337712802349117,228.0
20/01/2026,00-10-28-732,victor,img_victor_artificial_00-10-28-732.jpg,artificial,97.12467013888889,129.12110785590278,121.33695203993055,53.51215820683179,9.98305447048611,14.05672526041667,47.54075410516201,0.29742289967124186,230.0
20/01/2026,00-10-28-885,victor,img_victor_artificial_00-10-28-885.jpg,artificial,97.56949435763889,129.73821940104168,120.60737738715278,53.5128638079349,10.10217990451389,13.990878906250003,47.27935208651022,0.32740142811281076,230.0
20/01/2026,00-10-29-039,victor,img_victor_artificial_00-10-29-039.jpg,artificial,100.14231553819444,130.117587890625,120.1530859375,53.46054648437056,10.165134548611121,13.76576497395834,46.99672659531897,0.3441876573686812,230.0
20/01/2026,00-10-29-194,victor,img_victor_artificial_00-10-29-194.jpg,artificial,101.38485026041667,130.4453927951389,119.80657443576389,53.386429876213256,10.2786740451389,13.713632812500009,46.8741038541603,0.36058357460917406,229.0
20/01/2026,00-10-29-348,victor,img_victor_artificial_00-10-29-348.jpg,artificial,102.69965711805555,130.5844379340278,119.50980685763889,53.38811744556178,10.378319227430552,13.640508897569447,46.86339125069265,0.3701093356733478,227.0
20/01/2026,00-10-29-506,victor,img_victor_artificial_00-10-29-506.jpg,artificial,104.49629991319445,130.28864040798612,119.20027560763889,53.3449665690904,10.396478949652789,13.425627170138881,47.001420641586094,0.37813532541012845,225.0
20/01/2026,00-10-29-664,victor,img_victor_artificial_00-10-29-664.jpg,artificial,107.24382595486111,129.54593641493057,118.78944986979167,53.32556377754498,10.420925564236114,13.32572374131945,47.28793246048236,0.3863815976007377,223.0
20/01/2026,00-10-29-820,victor,img_victor_artificial_00-10-29-820.jpg,artificial,106.38757378472222,129.78083441840278,118.32140950520834,53.58958527680571,10.434682074652784,13.253465711805546,47.72101513132067,0.380247876103865,222.0
20/01/2026,00-10-29-990,victor,img_victor_artificial_00-10-29-990.jpg,artificial,109.04019965277777,129.11054144965277,118.2587890625,53.544066730503154,10.388790147569438,12.93494357638889,47.96207456463136,0.38173652001341335,221.0
20/01/2026,00-10-30-158,victor,img_victor_artificial_00-10-30-158.jpg,artificial,109.55119357638888,128.84141710069446,118.32064561631944,53.571683584631344,10.313933376736117,12.829328342013895,48.15555400447365,0.38252996218169577,221.0
20/01/2026,00-10-30-311,victor,img_victor_artificial_00-10-30-311.jpg,artificial,110.16715060763889,128.78749674479167,118.53876410590277,53.67032591319726,10.247116970486104,12.804766710069458,48.30459089887725,0.37770693994759735,221.0
20/01/2026,00-10-30-470,victor,img_victor_artificial_00-10-30-470.jpg,artificial,112.34383246527777,127.97693033854166,118.68385850694445,53.63805615429431,10.177284071180566,12.488504774305568,48.40176249534305,0.37995908224661973,221.0
20/01/2026,00-10-30-639,victor,img_victor_artificial_00-10-30-639.jpg,artificial,112.34563368055555,127.35720269097222,118.90210720486111,53.289211366627,10.042312282986103,12.496764322916675,47.90498694110496,0.3722094024879585,220.0
20/01/2026,00-10-30-812,victor,img_victor_artificial_00-10-30-812.jpg,artificial,112.89906032986111,126.70640950520833,118.70636284722222,53.127634157408885,9.941680772569441,12.491264105902786,47.526630491322415,0.3696679722572658,219.0
20/01/2026,00-10-30-981,victor,img_victor_artificial_00-10-30-981.jpg,artificial,113.64176215277777,126.49863389756945,118.74272352430556,52.954307275947535,9.950158420138877,12.378656684027789,47.21646683077767,0.37061976489381826,219.0
20/01/2026,00-10-31-152,victor,img_victor_artificial_00-10-31-152.jpg,artificial,113.783515625,126.33209743923611,118.80362847222223,52.98011371739213,9.923748914930542,12.293878038194435,47.07277460049731,0.36834645406872807,219.0
20/01/2026,00-10-31-320,victor,img_victor_artificial_00-10-31-320.jpg,artificial,113.29659939236112,126.83508463541666,118.8879861111111,53.053439758886576,9.974762369791677,12.339396701388893,47.051325706582865,0.3656795086392731,220.0
20/01/2026,00-10-31-478,victor,img_victor_artificial_00-10-31-478.jpg,artificial,114.6473046875,127.01317708333333,118.95749240451389,53.11391716263765,10.034085286458321,12.295196397569441,47.04762951157189,0.365135730917245,221.0
20/01/2026,00-10-31-647,victor,img_victor_artificial_00-10-31-647.jpg,artificial,114.83692925347222,126.862431640625,119.14059461805556,53.035829563874785,9.981151258680569,12.179934895833327,46.836618600431585,0.35085557996814143,222.0
20/01/2026,00-10-31-802,victor,img_victor_artificial_00-10-31-802.jpg,artificial,116.01893663194444,126.39470269097222,119.17012369791667,52.96091167202721,9.880607638888875,12.069303385416674,46.69887385397717,0.33385849206890167,221.0
20/01/2026,00-10-31-958,victor,img_victor_artificial_00-10-31-958.jpg,artificial,115.64435546875,126.28238606770833,119.2090310329861,53.00020496138788,9.846689453125009,12.062202690972214,46.684716653737816,0.32225139230175176,220.0
20/01/2026,00-10-32-126,victor,img_victor_artificial_00-10-32-126.jpg,artificial,116.6065234375,125.77217990451389,119.42880533854166,53.02531939830635,9.740920138888896,11.865774739583344,46.67579104286366,0.30529292656207313,220.0
20/01/2026,00-10-32-281,victor,img_victor_artificial_00-10-32-281.jpg,artificial,117.40161892361111,125.66405815972222,119.73666666666666,53.01045699219007,9.71132595486111,11.903751085069445,46.68079032387143,0.29140155634617737,220.0
20/01/2026,00-10-32-451,victor,img_victor_artificial_00-10-32-451.jpg,artificial,117.05885199652778,125.3873318142361,119.97097764756944,53.0280278838786,9.664368489583325,11.886804470486112,46.66669706464105,0.2761923788138685,220.0
20/01/2026,00-10-32-604,victor,img_victor_artificial_00-10-32-604.jpg,artificial,116.63065321180555,125.11081705729167,120.16463650173611,53.20319939899581,9.561924913194446,11.982919921875009,46.8131718478086,0.2600886623115439,220.0
20/01/2026,00-10-32-760,victor,img_victor_artificial_00-10-32-760.jpg,artificial,116.76170355902778,124.67455946180556,120.497861328125,53.522463074729714,9.560480685763878,11.982109374999993,47.08719503956179,0.24574357831854898,221.0
20/01/2026,00-10-32-917,victor,img_victor_artificial_00-10-32-917.jpg,artificial,114.0224435763889,124.23923285590278,120.62633897569444,54.199544527651575,9.262086588541678,12.321406249999995,47.608780509356606,0.24803534671624586,223.0
20/01/2026,00-10-33-073,victor,img_victor_artificial_00-10-33-073.jpg,artificial,113.06675998263889,123.52634006076389,120.66336805555555,54.75970175514519,9.107624782986107,12.349937065972227,47.981047070570874,0.26833567262197966,226.0
20/01/2026,00-10-33-226,victor,img_victor_artificial_00-10-33-226.jpg,artificial,111.58813368055556,122.87899522569444,120.40869466145833,55.213034400179744,9.130279947916677,12.485265842013888,48.32184895777194,0.27981832427678754,227.0
20/01/2026,00-10-33-380,victor,img_victor_artificial_00-10-33-380.jpg,artificial,110.18110677083334,123.35198784722222,120.26022243923612,55.09077740013491,9.171256510416669,12.647235243055547,48.12866299749344,0.2665672245703677,226.0
20/01/2026,00-10-33-535,victor,img_victor_artificial_00-10-33-535.jpg,artificial,109.08022352430555,124.36388563368055,120.41618489583334,54.83869804788715,9.283087022569447,12.694600694444432,47.970942607145396,0.24718821634846777,226.0
20/01/2026,00-10-33-693,victor,img_victor_artificial_00-10-33-693.jpg,artificial,109.24350911458333,125.18513671875,120.27469509548611,54.21150051062227,9.416660156250003,12.709034288194431,47.44588914935325,0.22470617871872298,223.0
20/01/2026,00-10-33-862,victor,img_victor_artificial_00-10-33-862.jpg,artificial,107.33949869791667,126.12693901909722,119.88341688368055,53.76375876633144,9.587424045138903,12.83652994791666,47.134804857332334,0.20448285131794092,220.0
20/01/2026,00-10-34-030,victor,img_victor_artificial_00-10-34-030.jpg,artificial,106.1017599826389,126.98227430555555,119.72874891493055,53.166604708459474,9.650387369791673,12.802149522569437,46.78440155230249,0.21009682396164406,219.0
20/01/2026,00-10-34-187,victor,img_victor_artificial_00-10-34-187.jpg,artificial,106.69122178819444,128.19509982638888,119.40806206597222,52.50390951567488,9.712237413194458,12.677444661458338,46.43391121448799,0.25086861589993353,219.0
20/01/2026,00-10-34-342,victor,img_victor_artificial_00-10-34-342.jpg,artificial,106.47514756944445,128.4086349826389,119.28662977430555,52.408475575258656,9.762240668402768,12.560818142361114,46.42112722010394,0.26673489851763177,220.0
20/01/2026,00-10-34-499,victor,img_victor_artificial_00-10-34-499.jpg,artificial,106.77917534722222,128.14992513020835,118.99247504340278,52.44225214377703,9.796097005208338,12.566930338541653,46.42726343970647,0.27469246096765826,220.0
20/01/2026,00-10-34-668,victor,img_victor_artificial_00-10-34-668.jpg,artificial,108.21500434027777,128.31928819444445,119.09488932291667,52.335295647350314,9.688402777777782,12.448485243055558,46.2685488777616,0.24395582493566068,217.0
20/01/2026,00-10-34-822,victor,img_victor_artificial_00-10-34-822.jpg,artificial,108.65214192708333,127.68619791666667,119.23305989583334,52.40276496490331,9.541420355902773,12.420882161458337,46.20673477970772,0.21412716202565302,215.0
20/01/2026,00-10-34-991,victor,img_victor_artificial_00-10-34-991.jpg,artificial,109.35109375,126.52016493055555,119.45412000868056,52.97684662447289,9.491726345486114,12.462201605902777,46.51230973234739,0.20160044031917157,218.0
20/01/2026,00-10-35-148,victor,img_victor_artificial_00-10-35-148.jpg,artificial,109.82708333333333,125.48276041666666,119.44322374131944,53.8442465192641,9.401133897569451,12.50348198784721,47.101077963376056,0.19394541549610633,220.0
20/01/2026,00-10-35-300,victor,img_victor_artificial_00-10-35-300.jpg,artificial,109.71019965277777,124.96247504340278,119.73637586805556,54.478156927140695,9.272912326388877,12.508980034722214,47.59800605187146,0.1938358034282917,223.0
20/01/2026,00-10-35-461,victor,img_victor_artificial_00-10-35-461.jpg,artificial,107.78545355902777,124.35449869791667,120.79888671875,54.927300540630455,9.233614366319443,12.595377604166657,48.20055192076308,0.19104513035466222,225.0
20/01/2026,00-10-35-616,victor,img_victor_artificial_00-10-35-616.jpg,artificial,107.75913194444445,124.08749131944444,121.47892361111111,54.905898158340214,9.293304036458323,12.67547200520832,48.29529028597275,0.18043834990612678,226.0
20/01/2026,00-10-35-772,victor,img_victor_artificial_00-10-35-772.jpg,artificial,106.7659375,123.65543185763889,122.12079752604167,55.01134152489977,9.28072699652779,12.708586154513881,48.536052340193216,0.16507475878157288,227.0
20/01/2026,00-10-35-925,victor,img_victor_artificial_00-10-35-925.jpg,artificial,105.17863932291667,122.60571723090278,123.51887478298612,55.13997524759207,9.27927191840277,12.80329210069445,48.81915646968533,0.14380462887263848,228.0
20/01/2026,00-10-36-078,victor,img_victor_artificial_00-10-36-078.jpg,artificial,104.39110026041666,122.02738172743055,124.31818684895833,55.24409658838669,9.228083767361113,12.82981445312501,49.03914236811578,0.1280402603298349,228.0
20/01/2026,00-10-36-229,victor,img_victor_artificial_00-10-36-229.jpg,artificial,104.86886501736112,121.5203537326389,125.23499131944445,55.13204105952195,9.230032552083344,12.848810763888878,49.06630119337177,0.11160420538121293,228.0
20/01/2026,00-10-36-387,victor,img_victor_artificial_00-10-36-387.jpg,artificial,104.49592447916666,121.03287434895833,126.55693684895833,55.19536811551342,9.270457899305569,12.873707682291666,49.286546513912974,0.08899548796141407,229.0
20/01/2026,00-10-36-559,victor,img_victor_artificial_00-10-36-559.jpg,artificial,105.23881727430556,120.00778971354167,127.89289713541666,55.42595154736867,9.169366319444435,12.720889756944445,49.64932884258629,0.05157277975495681,230.0
20/01/2026,00-10-36-727,victor,img_victor_artificial_00-10-36-727.jpg,artificial,106.13505208333333,119.65738389756945,128.89918511284722,55.43618749021746,9.050514322916655,12.544108072916657,49.8874092791305,0.02887804915643258,233.0
20/01/2026,00-10-36-897,victor,img_victor_artificial_00-10-36-897.jpg,artificial,106.48417534722222,120.52226996527777,129.3847710503472,54.96198152597289,8.980198567708328,12.438390842013888,49.66318593790853,0.020996779884847782,233.0
20/01/2026,00-10-37-054,victor,img_victor_artificial_00-10-37-054.jpg,artificial,105.11419921875,122.17155707465278,129.13033094618055,54.35035161885093,8.959728732638894,12.577471788194458,49.40690983981599,0.03064382712125685,233.0
20/01/2026,00-10-37-209,victor,img_victor_artificial_00-10-37-209.jpg,artificial,104.23656684027777,122.31784613715278,128.8376345486111,54.192452779344144,9.064564887152784,12.726483289930542,49.27865885818571,0.03745876190252729,232.0
20/01/2026,00-10-37-368,victor,img_victor_artificial_00-10-37-368.jpg,artificial,103.42160807291667,121.69403211805556,129.17603515625,54.65443835056244,9.07192165798611,12.85800998263889,50.14591989081348,0.07945038662237973,237.0
20/01/2026,00-10-37-534,victor,img_victor_artificial_00-10-37-534.jpg,artificial,104.86513454861111,121.93872829861111,128.98300021701388,54.43842350625081,8.952225477430545,12.627143012152771,49.606757954226836,0.04077402420044561,233.0
20/01/2026,00-10-37-703,victor,img_victor_artificial_00-10-37-703.jpg,artificial,105.14403428819445,119.715322265625,130.4515505642361,56.07845950571501,8.92150607638888,12.647369791666677,50.81642057765368,0.026279974331286725,236.0
20/01/2026,00-10-37-863,victor,img_victor_artificial_00-10-37-863.jpg,artificial,105.84051649305556,117.95655164930555,130.93010308159722,57.169190322262644,8.892242838541677,12.625294053819431,51.34243418810623,0.019996823177324666,236.0
20/01/2026,00-10-38-033,victor,img_victor_artificial_00-10-38-033.jpg,artificial,105.54580729166666,116.50799479166666,132.02474500868055,58.635519544253,8.882749565972233,12.700940755208336,52.51500671705606,0.03731108569459073,239.0
20/01/2026,00-10-38-205,victor,img_victor_artificial_00-10-38-205.jpg,artificial,106.187734375,113.46177517361112,133.3638747829861,60.92437758178063,8.474210069444439,12.073682725694454,54.878360069952855,0.052423652514945754,244.0
20/01/2026,00-10-38-359,victor,img_victor_artificial_00-10-38-359.jpg,artificial,106.63745659722223,111.99175672743056,133.62439995659722,61.70592716582301,8.268865017361122,11.675553385416663,55.804281078392904,0.04902332425301626,245.0
20/01/2026,00-10-38-514,victor,img_victor_artificial_00-10-38-514.jpg,artificial,106.48924696180555,112.29701931423611,134.27818684895834,61.51609372872519,8.337604166666665,11.682578124999992,55.75465892048233,0.02700569152418885,246.0
20/01/2026,00-10-38-671,victor,img_victor_artificial_00-10-38-671.jpg,artificial,105.398515625,112.88419704861111,134.80901584201388,61.09513574450867,8.586633029513877,11.932379557291654,55.47733533172101,0.005688180013232277,246.0
20/01/2026,00-10-38-825,victor,img_victor_artificial_00-10-38-825.jpg,artificial,104.24109375,113.83047417534722,134.75636067708334,60.799655968779916,8.678921440972232,12.219106987847226,55.20489606510699,-0.001716201308130815,245.0
20/01/2026,00-10-38-984,victor,img_victor_artificial_00-10-38-984.jpg,artificial,103.8254861111111,114.74994791666667,134.54689019097222,60.51017225096322,8.874688585069435,12.528282335069434,54.82103619721375,-0.003935919684266355,243.0
20/01/2026,00-10-39-151,victor,img_victor_artificial_00-10-39-151.jpg,artificial,102.38325520833334,115.57358615451389,133.96197916666668,60.39495008184422,9.06729817708333,12.949715711805567,54.59145893066485,0.006312925831614166,242.0
20/01/2026,00-10-39-305,victor,img_victor_artificial_00-10-39-305.jpg,artificial,101.34043619791667,115.8922092013889,133.81769314236112,60.303875893705275,9.139556206597234,13.086805555555543,54.48337393246331,0.009599224961665868,242.0
20/01/2026,00-10-39-461,victor,img_victor_artificial_00-10-39-461.jpg,artificial,99.92438151041667,117.04640082465278,133.59174262152777,59.97372481646309,9.23346354166668,13.33856770833333,54.22924492370253,0.004580807958007827,241.0
20/01/2026,00-10-39-617,victor,img_victor_artificial_00-10-39-617.jpg,artificial,98.55013671875,117.64933051215277,133.6557052951389,59.79217347529073,9.25433485243056,13.525404730902778,54.09159404539889,0.0030586696313974534,241.0
20/01/2026,00-10-39-773,victor,img_victor_artificial_00-10-39-773.jpg,artificial,98.79504340277778,117.93476345486111,133.72927517361111,59.75051934335815,9.232361111111118,13.592441406250003,54.11021546595503,0.00614452382632702,242.0
20/01/2026,00-10-39-928,victor,img_victor_artificial_00-10-39-928.jpg,artificial,98.47626085069444,118.49220052083334,133.82440755208333,59.8197408918256,9.186972656249992,13.553913845486107,54.159778754083284,0.008996337680352047,243.0
20/01/2026,00-10-40-083,victor,img_victor_artificial_00-10-40-083.jpg,artificial,101.19050347222222,115.24084418402778,134.86029730902777,61.51692178485387,8.70705078124999,12.738229166666656,56.52917278948469,0.03834587376506288,253.0
20/01/2026,00-10-40-242,victor,img_victor_artificial_00-10-40-242.jpg,artificial,102.35967447916667,114.19136067708334,133.7799652777778,61.488171168623886,8.533674045138895,12.418152126736118,56.05360890849658,0.0399976013216278,253.0
20/01/2026,00-10-40-409,victor,img_victor_artificial_00-10-40-409.jpg,artificial,103.66724175347223,112.79264322916667,132.36123263888888,61.26671283216016,8.269248046874992,11.858965928819458,55.233884898920586,0.038648496444802914,248.0
20/01/2026,00-10-40-580,victor,img_victor_artificial_00-10-40-580.jpg,artificial,102.98858506944444,113.20957248263889,131.6577907986111,60.907415455310705,8.382485894097215,11.9627267795139,54.908572717595305,0.02823026826305556,244.0
20/01/2026,00-10-40-748,victor,img_victor_artificial_00-10-40-748.jpg,artificial,103.25763454861111,113.27297092013889,130.721455078125,61.3091539621784,8.314262152777786,12.052236328124991,55.45148482459912,0.03945987055701974,244.0
20/01/2026,00-10-40-906,victor,img_victor_artificial_00-10-40-906.jpg,artificial,104.3342751736111,112.34475043402777,131.45503472222222,61.61646385759869,8.257756076388887,11.877744140624998,55.7891616512933,0.030907297952055917,246.0
20/01/2026,00-10-41-074,victor,img_victor_artificial_00-10-41-074.jpg,artificial,104.58098524305555,111.10323567708333,131.74369249131945,62.1603150540239,8.149916449652778,11.675724826388887,56.34821082323443,0.03613195728970539,247.0
20/01/2026,00-10-41-230,victor,img_victor_artificial_00-10-41-230.jpg,artificial,104.78023654513889,110.373330078125,131.57147135416668,62.76071978077601,8.030394965277765,11.588166232638883,56.923613889383205,0.06095577868075893,249.0
20/01/2026,00-10-41-386,victor,img_victor_artificial_00-10-41-386.jpg,artificial,103.21939019097222,107.96995442708334,132.99431206597222,63.092684679038015,8.201702473958335,11.312732204861106,57.226757153390565,0.037073852227972305,251.0
20/01/2026,00-10-41-545,victor,img_victor_artificial_00-10-41-545.jpg,artificial,106.03992621527777,108.67628363715278,131.44823350694443,63.29823290909648,7.82887695312499,11.332887369791678,57.490302424989686,0.0733327373767714,250.0
20/01/2026,00-10-41-715,victor,img_victor_artificial_00-10-41-715.jpg,artificial,105.79840060763888,108.54410047743056,131.337314453125,63.17419308785611,7.851979166666666,11.310664062499995,57.343446274214244,0.07454889377846385,249.0
20/01/2026,00-10-41-870,victor,img_victor_artificial_00-10-41-870.jpg,artificial,103.52345269097222,109.40521484375,130.95736436631944,62.95547873069842,8.0699338107639,11.669140625000011,57.00952907340616,0.060106076568603055,247.0
20/01/2026,00-10-42-026,victor,img_victor_artificial_00-10-42-026.jpg,artificial,103.5961740451389,110.57315972222223,130.54823676215278,62.82314289009885,8.09806966145834,11.74634223090277,56.833053113398805,0.06679643585137653,245.0
20/01/2026,00-10-42-196,victor,img_victor_artificial_00-10-42-196.jpg,artificial,102.92062065972222,111.0282248263889,130.30307725694445,62.726902130960994,8.223207465277767,11.898179253472222,56.751973763426726,0.058954666173916516,244.0
20/01/2026,00-10-42-353,victor,img_victor_artificial_00-10-42-353.jpg,artificial,104.6060525173611,110.51676649305556,130.18835828993056,62.6020953423294,8.169650607638886,11.695145399305545,56.59871716201172,0.06600687787608826,243.0
20/01/2026,00-10-42-508,victor,img_victor_artificial_00-10-42-508.jpg,artificial,109.52832465277778,108.34699435763889,129.446328125,62.77208599305993,7.845842013888898,10.862839626736104,56.744642668057615,0.07902024700652373,243.0
20/01/2026,00-10-42-660,victor,img_victor_artificial_00-10-42-660.jpg,artificial,108.18899088541667,108.19272135416666,129.9853732638889,63.56858238706406,7.6477962239583235,10.879306640625003,57.804459353518574,0.08293780437991459,249.0
20/01/2026,00-10-42-828,victor,img_victor_artificial_00-10-42-828.jpg,artificial,107.33949001736111,108.397294921875,129.97575303819445,63.353614267306604,7.699098307291678,10.956584201388893,57.49883695596244,0.06786042296888666,248.0
20/01/2026,00-10-42-995,victor,img_victor_artificial_00-10-42-995.jpg,artificial,107.41452690972223,108.6430783420139,129.59561197916668,62.63882705817887,7.834397786458339,11.021460503472213,56.8034429739514,0.0490707157942376,242.0
20/01/2026,00-10-43-153,victor,img_victor_artificial_00-10-43-153.jpg,artificial,106.92857204861112,109.72252387152778,128.50724934895834,62.263000385286524,7.934724392361119,11.275440538194431,56.37199846400338,0.04350858161980369,239.0
20/01/2026,00-10-43-321,victor,img_victor_artificial_00-10-43-321.jpg,artificial,107.14306206597222,110.19580837673611,128.1974587673611,62.290822848664185,7.916005859374991,11.363454861111109,56.37358679917945,0.05410897911335424,239.0
20/01/2026,00-10-43-476,victor,img_victor_artificial_00-10-43-476.jpg,artificial,106.90917534722222,110.16568901909723,128.61721571180556,62.19604613645595,7.895574001736122,11.32111436631945,56.3135385070835,0.04530036321286118,240.0
20/01/2026,00-10-43-644,victor,img_victor_artificial_00-10-43-644.jpg,artificial,106.77685329861112,109.80931749131945,128.84526692708334,62.085706057448036,7.901351996527779,11.28374674479167,56.31060153573713,0.043998559438317875,240.0
20/01/2026,00-10-43-800,victor,img_victor_artificial_00-10-43-800.jpg,artificial,107.12764973958333,109.88805989583334,128.4684548611111,62.296648080848406,7.846643880208347,11.294944661458345,56.39935923876308,0.048231162228139154,240.0
20/01/2026,00-10-43-956,victor,img_victor_artificial_00-10-43-956.jpg,artificial,106.44461154513888,110.38332790798611,128.458134765625,62.3800765329525,7.860482855902774,11.382835286458345,56.526437167242214,0.05539172233945857,241.0
20/01/2026,00-10-44-123,victor,img_victor_artificial_00-10-44-123.jpg,artificial,108.36912543402778,108.47269422743055,129.30088975694446,62.35917192356754,7.888484157986113,11.02915256076389,56.65189811008717,0.04749948940325849,241.0
20/01/2026,00-10-44-280,victor,img_victor_artificial_00-10-44-280.jpg,artificial,107.4735546875,108.91830729166666,128.8530913628472,62.43240663392743,7.822721354166674,11.08463216145833,56.59782414219089,0.049353112449523506,241.0
